nw, it, time, err
1, 3, 0.384397, 0.000151189
