nw, it, time, err
1, 3, 0.0957831, 0.000337786
