nw, it, time, err
1, 3, 0.380346, 0.000151189
